[
    {
        "ParameterKey": "KeyNameParam",
        "ParameterValue": "aws-qs-tc-all"
    },
    {
        "ParameterKey": "VPCCIDR",
        "ParameterValue": "10.0.0.0/16"
    },
    {
        "ParameterKey": "AvailabilityZones",
        "ParameterValue": [
            "us-east-1a",
            "us-east-1b"
          ]
    },
    {
        "ParameterKey": "PublicSubnet1CIDR",
        "ParameterValue": "10.0.10.0/24"
    },
    {
        "ParameterKey": "PublicSubnet2CIDR",
        "ParameterValue": "10.0.20.0/24"
    },
    {
        "ParameterKey": "InstanceTypeParam",
        "ParameterValue": "t2.large"
    },
    {
        "ParameterKey": "IAMRoleParam",
        "ParameterValue": "New"
    },
    {
        "ParameterKey":"QSS3BucketName",
        "ParameterValue":"aws-quickstart"
    }
]
